{"stats":{"minecraft:killed_by":{"minecraft:vindicator":5},"minecraft:custom":{"minecraft:time_since_rest":94242,"minecraft:waystone_activated":1,"lootr:looted_stat":17,"minecraft:sprint_one_cm":193643,"minecraft:damage_taken":1544,"minecraft:walk_one_cm":123740,"minecraft:mob_kills":10,"minecraft:drop":4,"minecraft:damage_dealt":1551,"minecraft:talked_to_villager":2,"minecraft:interact_with_crafting_table":2,"minecraft:fly_one_cm":413531,"minecraft:open_barrel":4,"minecraft:open_chest":3,"minecraft:crouch_one_cm":3328,"minecraft:play_time":99496,"minecraft:deaths":6,"minecraft:sneak_time":2632,"minecraft:walk_under_water_one_cm":17145,"minecraft:jump":465,"minecraft:leave_game":2,"minecraft:walk_on_water_one_cm":6230,"minecraft:time_since_death":94173,"minecraft:climb_one_cm":2642,"minecraft:total_world_time":99496,"minecraft:fall_one_cm":13092},"minecraft:used":{"irons_spellbooks:inscription_table":1,"minecraft:apple":2,"minecraft:firework_rocket":1,"minecraft:polished_deepslate":24,"create:wrench":4,"minecraft:wither_skeleton_skull":1,"create:schematic_table":1,"minecraft:grass_block":4,"minecraft:bread":2,"iceandfire:dragonbone_sword_ice":13,"create:creative_motor":2,"minecraft:diamond_sword":12,"create:mechanical_pump":3,"minecraft:dirt":2,"minecraft:bow":1,"create:shaft":21,"create:cogwheel":13,"create:schematicannon":1,"create:fluid_pipe":23,"create:large_cogwheel":8},"minecraft:mined":{"minecraft:wither_skeleton_skull":1},"minecraft:killed":{"minecraft:skeleton":1,"minecraft:cave_spider":1,"minecraft:zombie":6,"minecraft:cow":2},"minecraft:dropped":{"irons_spellbooks:scroll":1,"irons_spellbooks:eldritch_manuscript":1,"mowziesmobs:grant_suns_blessing":1,"minecraft:polished_deepslate":64},"minecraft:picked_up":{"minecraft:leather":3,"minecraft:wither_skeleton_skull":1,"minecraft:spider_eye":1,"minecraft:string":2,"irons_spellbooks:eldritch_manuscript":1,"minecraft:beef":3,"minecraft:iron_ingot":5,"minecraft:bread":1,"minecraft:totem_of_undying":5,"minecraft:poppy":2}},"DataVersion":3465}