{"stats":{"minecraft:killed_by":{"minecraft:player":1,"minecraft:pillager":1,"minecraft:vindicator":4,"minecraft:vex":1,"minecraft:illusioner":1},"minecraft:custom":{"lootr:looted_stat":34,"minecraft:mob_kills":35,"minecraft:interact_with_anvil":1,"vampirism:interact_with_altar_of_infusion":12,"minecraft:interact_with_crafting_table":3,"vampirism:action_time_bat":4418,"minecraft:damage_dealt_resisted":414,"minecraft:leave_game":2,"minecraft:time_since_death":4187,"minecraft:climb_one_cm":6078,"minecraft:damage_resisted":47,"minecraft:sprint_one_cm":202835,"vampirism:amount_bitten":12,"minecraft:walk_one_cm":153070,"vampirism:interact_with_coffin":5,"vampirism:interact_with_totem":3,"minecraft:drop":45,"vampirism:action_time_regen":304,"vampirism:skills_unlocked":16,"minecraft:talked_to_villager":40,"minecraft:play_time":108716,"vampirism:interact_with_altar_inspiration":18,"minecraft:deaths":9,"minecraft:sneak_time":4421,"minecraft:walk_under_water_one_cm":30950,"minecraft:boat_one_cm":160040,"minecraft:jump":965,"minecraft:walk_on_water_one_cm":43634,"minecraft:total_world_time":108716,"vampirism:blood_drunk":9300,"vampirism:altar_of_inspiration_rituals_performed":35,"minecraft:traded_with_villager":5,"minecraft:interact_with_loom":3,"vampirism:action_used_bat":15,"vampirism:actions_used":16,"vampirism:altar_of_infusion_rituals_performed":4,"minecraft:time_since_rest":4213,"vampirism:action_used_regen":1,"minecraft:damage_taken":91957,"minecraft:damage_dealt":8472,"minecraft:swim_one_cm":3237,"minecraft:fly_one_cm":803343,"minecraft:player_kills":1,"minecraft:open_chest":2,"minecraft:crouch_one_cm":11170,"minecraft:fall_one_cm":27181},"minecraft:used":{"minecraft:oak_fence":12,"minecraft:polished_deepslate":83,"minecraft:flint_and_steel":1,"minecraft:spruce_planks":8,"minecraft:torch":14,"minecraft:dirt":303,"minecraft:anvil":1,"iceandfire:dragonbone_axe":27,"sophisticatedbackpacks:diamond_backpack":2,"minecraft:grass_block":20,"paraglider:goron_goddess_statue":1,"minecraft:iron_helmet":1,"minecraft:stone_brick_stairs":2,"minecraft:stone_bricks":2,"minecraft:diamond_chestplate":2,"iceandfire:dragonbone_pickaxe":1,"minecraft:water_bucket":1,"vampirism:altar_inspiration":1,"iceandfire:dragonbone_sword_ice":86,"vampirism:human_heart":5,"minecraft:fletching_table":4,"minecraft:diamond_axe":3,"minecraft:deepslate_bricks":5,"minecraft:tnt":55,"minecraft:crafting_table":2,"minecraft:loom":38,"vampirism:totem_top":1,"iceandfire:dragonbone_sword_lightning":11,"minecraft:diamond_pickaxe":1,"minecraft:melon_slice":6,"minecraft:bread":3,"minecraft:string":5,"minecraft:diamond_sword":14,"minecraft:porkchop":3,"minecraft:glass_pane":2,"vampirism:coffin_black":2,"minecraft:oak_boat":5,"minecraft:diamond_leggings":2,"minecraft:experience_bottle":7},"minecraft:mined":{"minecraft:grass_block":6,"paraglider:goron_goddess_statue":1,"minecraft:spruce_leaves":2,"minecraft:large_fern":7,"minecraft:hay_block":1,"minecraft:fire":2,"minecraft:enchanting_table":1,"minecraft:spruce_wood":2,"minecraft:player_head":1,"minecraft:tripwire":3,"minecraft:oak_fence":3,"minecraft:crafting_table":1,"minecraft:melon":6,"minecraft:tall_grass":4,"sophisticatedbackpacks:diamond_backpack":2,"minecraft:spruce_log":4,"minecraft:cobweb":3},"minecraft:killed":{"vampirism:vampire":3,"minecraft:cave_spider":2,"vampirism:advanced_vampire":1,"irons_spellbooks:summoned_polar_bear":1,"minecraft:skeleton":4,"farlanders:mystic_enderminion":1,"vampirism:villager_converted":2,"farlanders:enderminion":1,"minecraft:salmon":5,"irons_spellbooks:necromancer":1,"minecraft:creeper":1,"vampirism:hunter":5,"minecraft:zombie":3,"minecraft:cow":1},"minecraft:dropped":{"minecraft:iron_sword":1,"minecraft:porkchop":3,"minecraft:loom":2,"vampirism:vampire_book":8,"mowziesmobs:grant_suns_blessing":2,"minecraft:oak_fence":3,"minecraft:cobblestone":66,"minecraft:leather":1,"minecraft:fletching_table":1,"minecraft:grass_block":2,"paraglider:spirit_orb":128,"minecraft:music_disc_13":1,"minecraft:flint":2,"minecraft:emerald":1,"minecraft:dirt":7,"minecraft:torch":1,"irons_spellbooks:arcane_essence":1,"minecraft:sand":36,"minecraft:bone":3,"minecraft:gravel":14,"minecraft:player_head":1,"irons_spellbooks:eldritch_manuscript":1,"minecraft:rotten_flesh":1,"irons_spellbooks:blood_staff":1,"minecraft:glass_pane":2,"minecraft:deepslate_bricks":1,"minecraft:arrow":3},"minecraft:crafted":{"minecraft:chest":1,"sophisticatedbackpacks:iron_backpack":1,"sophisticatedbackpacks:backpack":1,"minecraft:diamond_axe":1,"minecraft:crafting_table":1,"minecraft:spruce_planks":24,"sophisticatedbackpacks:gold_backpack":1,"minecraft:air":0,"minecraft:diamond_pickaxe":1,"sophisticatedbackpacks:diamond_backpack":1,"minecraft:stick":4,"vampirism:human_heart":45},"minecraft:picked_up":{"irons_spellbooks:scroll":1,"minecraft:crafting_table":1,"minecraft:chicken":2,"minecraft:polished_deepslate":64,"minecraft:string":9,"minecraft:experience_bottle":7,"minecraft:glass_pane":2,"vampirism:obi_belt":1,"irons_spellbooks:arcane_essence":2,"minecraft:diamond_leggings":1,"minecraft:oak_boat":1,"minecraft:player_head":1,"minecraft:melon_slice":29,"minecraft:oak_fence":3,"minecraft:torch":1,"minecraft:porkchop":6,"vampirism:vampire_fang":1,"minecraft:orange_bed":1,"minecraft:arrow":3,"minecraft:diamond_chestplate":2,"minecraft:rotten_flesh":1,"minecraft:totem_of_undying":2,"mowziesmobs:grant_suns_blessing":2,"minecraft:cobblestone":66,"paraglider:goron_goddess_statue":1,"minecraft:enchanting_table":1,"vampirism:vampire_book":2,"minecraft:leather":5,"minecraft:flint":2,"minecraft:gunpowder":1,"minecraft:dirt":10,"irons_spellbooks:eldritch_manuscript":1,"minecraft:bone":3,"vampirism:human_heart":3,"minecraft:spruce_wood":2,"minecraft:iron_sword":1,"sophisticatedbackpacks:diamond_backpack":2,"minecraft:music_disc_13":1,"minecraft:gravel":14,"minecraft:sand":36,"minecraft:spruce_log":4}},"DataVersion":3465}