{"stats":{"minecraft:killed_by":{"minecraft:player":1},"minecraft:custom":{"vampirism:altar_of_infusion_rituals_performed":7,"minecraft:time_since_rest":6944,"vampirism:altar_of_inspiration_rituals_performed":142,"vampirism:amount_bitten":1,"minecraft:sprint_one_cm":48419,"minecraft:damage_absorbed":60,"minecraft:damage_taken":85207,"minecraft:walk_one_cm":48079,"minecraft:mob_kills":10,"vampirism:interact_with_coffin":1,"minecraft:drop":1,"vampirism:skills_unlocked":21,"minecraft:damage_dealt":1864,"vampirism:interact_with_altar_of_infusion":22,"vampirism:action_used_freeze":1,"vampirism:action_time_vampire_rage":361,"minecraft:talked_to_villager":2,"minecraft:fly_one_cm":55915,"minecraft:player_kills":1,"vampirism:action_used_vampire_rage":1,"minecraft:open_chest":1,"minecraft:crouch_one_cm":372,"minecraft:play_time":57563,"vampirism:action_time_bat":571,"vampirism:interact_with_altar_inspiration":102,"minecraft:deaths":1,"minecraft:sneak_time":356,"vampirism:defend_village":1,"minecraft:damage_dealt_resisted":143,"minecraft:jump":358,"minecraft:leave_game":1,"vampirism:action_used_bat":5,"minecraft:time_since_death":6918,"minecraft:total_world_time":57563,"minecraft:damage_resisted":2,"vampirism:win_village_capture":1,"vampirism:blood_drunk":1000,"minecraft:fall_one_cm":2903,"vampirism:actions_used":7},"minecraft:used":{"irons_spellbooks:inscription_table":1,"iceandfire:dragonbone_sword_ice":48,"vampirism:human_heart":1,"iceandfire:armor_electric_leggings":1,"minecraft:crafting_table":1,"iceandfire:armor_electric_boots":1,"iceandfire:armor_electric_chestplate":1,"iceandfire:armor_electric_helmet":1},"minecraft:mined":{"minecraft:sweet_berry_bush":1,"minecraft:fern":2,"minecraft:large_fern":1},"minecraft:killed":{"irons_spellbooks:summoned_zombie":3,"minecraft:spider":1,"irons_spellbooks:summoned_skeleton":1,"irons_spellbooks:necromancer":1,"vampirism:hunter":3},"minecraft:dropped":{"vampirism:vampire_book":1},"minecraft:picked_up":{"vampirism:vampire_book":7,"minecraft:sweet_berries":3,"minecraft:oak_fence":3,"vampirism:ring":1,"paraglider:spirit_orb":128,"irons_spellbooks:blood_staff":1,"minecraft:loom":2,"vampirism:human_heart":1,"minecraft:wheat_seeds":1,"minecraft:deepslate_bricks":1,"minecraft:fletching_table":1}},"DataVersion":3465}